title,price
Auto Car Accessories LED Light 9012 Luces Led Para Autos High Power 65w 11000lm Led Headlight Bulb For Car,US$4.93-5.86
Plastic Car Interior Accessories China Hot Sell 5 in 1 Disposable Car Seat Covers Kit for Car Service Center,US$0.12-0.20
"certified
Cantell Factory New Portable Car Charger Adapter Usb C 3.1A Smart Charging Type C Phone Car Charger",US$0.58-0.69
"Car Accessories Auto Accessories 15w Car Magnetic Charging Phone Holder
Reorder rate 25%",US$5.30-5.50
Factory Wholesale Double-Sided Coral Fleece Car Towel Thickened Fiber Cleaning Cloth Absorbent Wash Car Towel Customizable Logo,US$0.20-0.39
Car Phone Holder Foldable Magnetic Mobile Phone Holder Suction Desktop Magnetic Mobile Holders Accesorios Para Automovil,US$1.10-1.20
2026 Converts Wired CarPlay To Wireless Plug And Play Auto Connect Easy Setup Wireless Carplay Adapter For Cars,US$12.20-12.60
"Hot Selling Luxury Full Set Car Accessories Universal Fit Waterproof Non-Slip Leather Cushion Breathable Sports Style Durable
5-day dispatch",US$34-40
"600gsm Car Accessories Quick Dry Absorbent Twisted Loop Microfiber Car Drying Towel for Detailing Cleaning Cloth
Reorder rate 24%",US$0.92
"Car Accessories Four Seasons Leather Car Seat Cover Comfortable 5 Seaters Full Set Car Seat Covers Wholesale
Reorder rate 16%",US$27.53-31.84
"certified
New Type High-pressure Expandable Rubber Flexible CNS Standard 100 Ft 3/4'' Diameter Garden Hose Reel",US$4.88
Universal Luxury Eaton Model G51 Auto Accessories Breathable Cotton All-Season 10-Piece Car Seat Cover Front Set Premium Seat,US$34.57-35
High Pressure Washer Gasoline Car Washer Petrol High Pressure Cleaner Equipment Washer New Design 180 Bar 2600 PSI,US$93-95
"Dashboard Car Mobile Phone Holder Crystal Auto Phone Mount Universal Diamond Car Stand Phone Holder Car Interior
Lower priced than similar",US$2.20
"certified
7-inch Truck/car Four-way Split IPS 360 Camera Monitor DVR Display Camera System 1080P/720P NTSC/PAL Adjustable IPS Display",US$15-88
8-Piece Set Diamond-Encrusted Car Accessory For Universal car Car Steering Wheel Cover Gear Shift Rearview Mirror Seat Belt kit,US$9-9.50
"Hot Selling Microfiber Cleaning Cloth Warp Knitted Towel Gray 40*40cm 300gsm Car Microfiber Cloth Car Kitchen Towels
Reorder rate 33%",US$0.25-0.29
Car Accessories Interior Decoration Faux PU Leather Front Car Seat Covers 9pcs Universal for bmw for ford for,US$24-26
Manufacturer Wholesale Can Customize Devil's Eye Car Stickers Suitable For Automotive Glass,US$3-3.50
"Hot Sales Multiple Mobile Mount Universal Car Accessories Windshield Mount Dashboard Phone Holder
Reorder rate 16%",US$2.45
"180W LED Moving Head Beam Stage Light Factory Direct 18 Prism 14 Gobos 11 Colors DMX512 Professional DJ Party Lighting for Event
Reorder rate 18%",US$77.99-79.99
"High Quality Universal Car Accessories Modified Parts LED Colourful Car Crystal Gear Shift Knob with Custom LOGO
Reorder rate 30%",US$7.20-8.50
Factory Wholesale Custom Microfiber Cloth Towel High Quality Microfiber Cleaning Cloths For Car Kitchen,US$0.22-0.24
"Luxury 5D Four Season Universal Car Seat Cover Breathable Full Set Leather Cushion with Polyester Car
US$20 off shipping",US$38
"High Quality Microfiber Optimal Lens Cleaner Wipes Square Glasses Phone Screen Cleaning Cloths For Kitchen Use Wholesale
Reorder rate 33%",US$0.03-0.06
"Cheap Bulk Products Vehicles and Accessories Car Holder OEM Customized Universal Car Holder Tablet Computers
Reorder rate 26%",US$1.20-1.80
"certified
Professional Precision Aluminium CNC Throttle Parts 6061 Anodized For Machining Automobile Spare Parts Teeth
Lower priced than similar",US$0.70
"Fascinating Price New Type Interior Accessories Car Beauty Durable Auto Parts
US$20 off shipping",US$19.44
"46pcs Hand Socket Wrench Set Hard Case Combination Ratchet Torque Spanner 1/4-Inch Sockets For Car/ Repair Mechanic Tools
Reorder rate 25%",US$2.64
"Best Selling Napa Leather Automotive Luxury Custom Logo Universal Car Seat Covers General Use Well Car Interior
5-day dispatch",US$28
"Car Front Window Sunshade Cover Sun Shade Windshield Visor Windscreen Folding Auto UV Protection Curtain Styling
Reorder rate 42%",US$0.35
"20PCS/Set Rhinestone Car Phone Holder Universal Auto Interior Hooks Sticker Pad Set Pink Bling Car for Women
Reorder rate 21%",US$8.55-9.50
18000Pa 3-in-1 Cordless Handheld Metal Mini Vacuum Cleaner Battery-Powered With Brushless Cleaning For Car Use,US$12.90-13.90
"Factory Patent High Quality Car Accessories Universal Car Rear Row Seat Headrest Soft Suede Leather Double Hooks for TOYOTA BMW
180-day lowest prices",US$2.50
Prime Quality Taiwan Brand Easy Install High Brightness 125 Wattage Automotive LED Bulbs 12V New 6 Months Warranty,US$43-60
"Auto Accessories Interior Drinking Organizer Car Dual Cup Stand Adjustable Multifunctional Car Cup Holder
US$20 off shipping",US$3.68
"High Quality Halogen Automotive Illumination Bulb H4 12V 24V 70W 100W Quartz Glass Halogen Headlamp Bulb
Reorder rate 15%",US$0.68
Car Interior Accessories Protective Car Leather Seat Cover Luxury Car Seat Cover,US$27-32
"Versatile 12mm Black Metal LED Indicator Lights Oxidized and Durable Compatible with 3V 6V 12V 24V 110V 220V
US$20 off shipping",US$0.95
Factory Wholesale MagSafe Car Mount for iPhone Strong Magnet 360 Rotation Dashboard Magnetic Phone Holder,US$2.79
3 In 1 Electric Hydraulic Car Jack 5T 12V Car Jacks With Impact Wrench &Tire Inflator Built-in LED Light,US$72-86
Autos Oto Aksesuar Voiture Polishing Detailing Car Washing Car Accessory Automotive for Car,US$1-5
"certified
150PSI 120W 14.8V High Efficient Electric Car Air Pump Portable Battery Jumper Portable Tire Inflator",US$22.80-24
Hot Auto Vehicle Accessories PVC Leather Sunshade Napkin Box Car Visor Tissue Holder Interior Decoration and,US$3.59-4.77
"Mini Portable Electric Car Tyre Pump With Intelligent Digital Display Air Compressor Electric Air Pump Car Tire Inflator
US$20 off shipping",US$8.90
Auto Accessories Wholesale Wood Steering Wheels 380 mm 15 Inch Wooden Steering Wheel New Car,US$58
Mini Portable Auto Electronics Dongle Wireless Carplay Android Auto Universal Car Wireless Carplay Adapter,US$9.90
Factory Direct Sales Interior Accessories Universal Car Chair Seat Cover Full Set Luxury Leather Car Seat Covers,US$7.80-13.80
